<?xml version="1.0" encoding="UTF-8"?>
<metadata xml:lang="en"><Esri><CreaDate>20120402</CreaDate><CreaTime>10574800</CreaTime><SyncOnce>FALSE</SyncOnce><DataProperties><lineage><Process ToolSource="C:\Program Files\ArcGIS\ArcToolbox\Toolboxes\Data Management Tools.tbx\RemoveSpatialIndex" Date="20090602" Time="182424">RemoveSpatialIndex "C:\Program Files\autobound9\Layerbackup\AB9Plan.gdb\PlanBoundary" "C:\Program Files\autobound9\Layerbackup\AB9Plan.gdb\PlanBoundary"</Process><Process ToolSource="C:\Program Files (x86)\ArcGIS\ArcToolbox\Toolboxes\Data Management Tools.tbx\AddSpatialIndex" Date="20101229" Time="171334">AddSpatialIndex "Plan Boundary" 0 0 0 "Plan Boundary"</Process><Process ToolSource="C:\Program Files (x86)\ArcGIS\ArcToolbox\Toolboxes\Data Management Tools.tbx\AddIndex" Date="20101229" Time="171427">AddIndex "Plan Boundary" District_Number # NON_UNIQUE NON_ASCENDING "Plan Boundary"</Process><Process ToolSource="C:\Program Files (x86)\ArcGIS\Desktop10.0\ArcToolbox\Toolboxes\Data Management Tools.tbx\CalculateField" Date="20110915" Time="140034">CalculateField VtrPcts_proposed_091511 CommPct 4 VB #</Process><Process ToolSource="C:\Program Files (x86)\ArcGIS\Desktop10.0\ArcToolbox\Toolboxes\Data Management Tools.tbx\CalculateField" Date="20110915" Time="140104">CalculateField VtrPcts_proposed_091511 CommPct 3 VB #</Process><Process ToolSource="C:\Program Files (x86)\ArcGIS\Desktop10.0\ArcToolbox\Toolboxes\Data Management Tools.tbx\CalculateField" Date="20110915" Time="140150">CalculateField VtrPcts_proposed_091511 CommPct 2 VB #</Process><Process ToolSource="C:\Program Files (x86)\ArcGIS\Desktop10.0\ArcToolbox\Toolboxes\Data Management Tools.tbx\CalculateField" Date="20110915" Time="140209">CalculateField VtrPcts_proposed_091511 CommPct 1 VB #</Process><Process ToolSource="C:\Program Files (x86)\ArcGIS\Desktop10.0\ArcToolbox\Toolboxes\Conversion Tools.tbx\FeatureClassToFeatureClass" Date="20110915" Time="142042">FeatureClassToFeatureClass VtrPcts_proposed_091511 "G:\Projects\redistricting\VtrPcts\New File Geodatabase.gdb" VtrPcts_proposed # "OBJECTID "OBJECTID" true true false 9 Long 0 9 ,First,#,G:\Projects\redistricting\VtrPcts\VtrPcts_proposed_091511.shp,OBJECTID,-1,-1;District_N "District_N" true true false 50 Text 0 0 ,First,#,G:\Projects\redistricting\VtrPcts\VtrPcts_proposed_091511.shp,District_N,-1,-1;District_1 "District_1" true true false 4 Short 0 4 ,First,#,G:\Projects\redistricting\VtrPcts\VtrPcts_proposed_091511.shp,District_1,-1,-1;Area "Area" true true false 19 Double 0 0 ,First,#,G:\Projects\redistricting\VtrPcts\VtrPcts_proposed_091511.shp,Area,-1,-1;Perimeter "Perimeter" true true false 19 Double 0 0 ,First,#,G:\Projects\redistricting\VtrPcts\VtrPcts_proposed_091511.shp,Perimeter,-1,-1;Compactnes "Compactnes" true true false 19 Double 0 0 ,First,#,G:\Projects\redistricting\VtrPcts\VtrPcts_proposed_091511.shp,Compactnes,-1,-1;Population "Population" true true false 9 Long 0 9 ,First,#,G:\Projects\redistricting\VtrPcts\VtrPcts_proposed_091511.shp,Population,-1,-1;Voting_Age "Voting_Age" true true false 9 Long 0 9 ,First,#,G:\Projects\redistricting\VtrPcts\VtrPcts_proposed_091511.shp,Voting_Age,-1,-1;Analysis1 "Analysis1" true true false 19 Double 0 0 ,First,#,G:\Projects\redistricting\VtrPcts\VtrPcts_proposed_091511.shp,Analysis1,-1,-1;Analysis2 "Analysis2" true true false 19 Double 0 0 ,First,#,G:\Projects\redistricting\VtrPcts\VtrPcts_proposed_091511.shp,Analysis2,-1,-1;Analysis3 "Analysis3" true true false 19 Double 0 0 ,First,#,G:\Projects\redistricting\VtrPcts\VtrPcts_proposed_091511.shp,Analysis3,-1,-1;SHAPE_Leng "SHAPE_Leng" true true false 19 Double 0 0 ,First,#,G:\Projects\redistricting\VtrPcts\VtrPcts_proposed_091511.shp,SHAPE_Leng,-1,-1;SHAPE_Area "SHAPE_Area" true true false 19 Double 0 0 ,First,#,G:\Projects\redistricting\VtrPcts\VtrPcts_proposed_091511.shp,SHAPE_Area,-1,-1;RGB "RGB" true true false 9 Long 0 9 ,First,#,G:\Projects\redistricting\VtrPcts\VtrPcts_proposed_091511.shp,RGB,-1,-1;CountySpli "CountySpli" true true false 4 Short 0 4 ,First,#,G:\Projects\redistricting\VtrPcts\VtrPcts_proposed_091511.shp,CountySpli,-1,-1;PrecinctSp "PrecinctSp" true true false 9 Long 0 9 ,First,#,G:\Projects\redistricting\VtrPcts\VtrPcts_proposed_091511.shp,PrecinctSp,-1,-1;RemainingB "RemainingB" true true false 9 Long 0 9 ,First,#,G:\Projects\redistricting\VtrPcts\VtrPcts_proposed_091511.shp,RemainingB,-1,-1;TotalBlock "TotalBlock" true true false 9 Long 0 9 ,First,#,G:\Projects\redistricting\VtrPcts\VtrPcts_proposed_091511.shp,TotalBlock,-1,-1;Locked "Locked" true true false 50 Text 0 0 ,First,#,G:\Projects\redistricting\VtrPcts\VtrPcts_proposed_091511.shp,Locked,-1,-1;LockedBy "LockedBy" true true false 50 Text 0 0 ,First,#,G:\Projects\redistricting\VtrPcts\VtrPcts_proposed_091511.shp,LockedBy,-1,-1;Labelvalue "Labelvalue" true true false 19 Double 0 0 ,First,#,G:\Projects\redistricting\VtrPcts\VtrPcts_proposed_091511.shp,Labelvalue,-1,-1;OriginLaye "OriginLaye" true true false 20 Text 0 0 ,First,#,G:\Projects\redistricting\VtrPcts\VtrPcts_proposed_091511.shp,OriginLaye,-1,-1;OriginSTFI "OriginSTFI" true true false 50 Text 0 0 ,First,#,G:\Projects\redistricting\VtrPcts\VtrPcts_proposed_091511.shp,OriginSTFI,-1,-1;OriginLa_1 "OriginLa_1" true true false 4 Short 0 4 ,First,#,G:\Projects\redistricting\VtrPcts\VtrPcts_proposed_091511.shp,OriginLa_1,-1,-1;TIMEDATE "TIMEDATE" true true false 25 Text 0 0 ,First,#,G:\Projects\redistricting\VtrPcts\VtrPcts_proposed_091511.shp,TIMEDATE,-1,-1;SID "SID" true true false 20 Text 0 0 ,First,#,G:\Projects\redistricting\VtrPcts\VtrPcts_proposed_091511.shp,SID,-1,-1;Label "Label" true true false 3 Short 0 3 ,First,#,G:\Projects\redistricting\VtrPcts\VtrPcts_proposed_091511.shp,Label,-1,-1;CommPct "CommPct" true true false 1 Short 0 1 ,First,#,G:\Projects\redistricting\VtrPcts\VtrPcts_proposed_091511.shp,CommPct,-1,-1" #</Process><Process ToolSource="C:\Program Files (x86)\ArcGIS\Desktop10.0\ArcToolbox\Toolboxes\Data Management Tools.tbx\CopyFeatures" Date="20110915" Time="145649">CopyFeatures VtrPcts_proposed G:\Projects\redistricting\VtrPcts\Redistricting.mdb\Proposed\VtrPcts_proposed # 0 0 0</Process><Process ToolSource="C:\Program Files (x86)\ArcGIS\Desktop10.0\ArcToolbox\Toolboxes\Conversion Tools.tbx\FeatureClassToFeatureClass" Date="20110927" Time="155143">FeatureClassToFeatureClass G:\Projects\redistricting\VtrPcts\VtrPcts_88_final092711.shp G:\Projects\redistricting\VtrPcts\092711.gdb VTDs_88_final092711 # "OBJECTID_1 "OBJECTID_1" true true false 9 Long 0 9 ,First,#,G:\Projects\redistricting\VtrPcts\VtrPcts_88_final092711.shp,OBJECTID_1,-1,-1;OBJECTID "OBJECTID" true true false 9 Long 0 9 ,First,#,G:\Projects\redistricting\VtrPcts\VtrPcts_88_final092711.shp,OBJECTID,-1,-1;District_N "District_N" true true false 50 Text 0 0 ,First,#,G:\Projects\redistricting\VtrPcts\VtrPcts_88_final092711.shp,District_N,-1,-1;District_1 "District_1" true true false 4 Short 0 4 ,First,#,G:\Projects\redistricting\VtrPcts\VtrPcts_88_final092711.shp,District_1,-1,-1;Area "Area" true true false 19 Double 0 0 ,First,#,G:\Projects\redistricting\VtrPcts\VtrPcts_88_final092711.shp,Area,-1,-1;Perimeter "Perimeter" true true false 19 Double 0 0 ,First,#,G:\Projects\redistricting\VtrPcts\VtrPcts_88_final092711.shp,Perimeter,-1,-1;Compactnes "Compactnes" true true false 19 Double 0 0 ,First,#,G:\Projects\redistricting\VtrPcts\VtrPcts_88_final092711.shp,Compactnes,-1,-1;Population "Population" true true false 9 Long 0 9 ,First,#,G:\Projects\redistricting\VtrPcts\VtrPcts_88_final092711.shp,Population,-1,-1;Voting_Age "Voting_Age" true true false 9 Long 0 9 ,First,#,G:\Projects\redistricting\VtrPcts\VtrPcts_88_final092711.shp,Voting_Age,-1,-1;Analysis1 "Analysis1" true true false 19 Double 0 0 ,First,#,G:\Projects\redistricting\VtrPcts\VtrPcts_88_final092711.shp,Analysis1,-1,-1;Analysis2 "Analysis2" true true false 19 Double 0 0 ,First,#,G:\Projects\redistricting\VtrPcts\VtrPcts_88_final092711.shp,Analysis2,-1,-1;Analysis3 "Analysis3" true true false 19 Double 0 0 ,First,#,G:\Projects\redistricting\VtrPcts\VtrPcts_88_final092711.shp,Analysis3,-1,-1;SHAPE_Leng "SHAPE_Leng" true true false 19 Double 0 0 ,First,#,G:\Projects\redistricting\VtrPcts\VtrPcts_88_final092711.shp,SHAPE_Leng,-1,-1;RGB "RGB" true true false 9 Long 0 9 ,First,#,G:\Projects\redistricting\VtrPcts\VtrPcts_88_final092711.shp,RGB,-1,-1;CountySpli "CountySpli" true true false 4 Short 0 4 ,First,#,G:\Projects\redistricting\VtrPcts\VtrPcts_88_final092711.shp,CountySpli,-1,-1;PrecinctSp "PrecinctSp" true true false 9 Long 0 9 ,First,#,G:\Projects\redistricting\VtrPcts\VtrPcts_88_final092711.shp,PrecinctSp,-1,-1;RemainingB "RemainingB" true true false 9 Long 0 9 ,First,#,G:\Projects\redistricting\VtrPcts\VtrPcts_88_final092711.shp,RemainingB,-1,-1;TotalBlock "TotalBlock" true true false 9 Long 0 9 ,First,#,G:\Projects\redistricting\VtrPcts\VtrPcts_88_final092711.shp,TotalBlock,-1,-1;Locked "Locked" true true false 50 Text 0 0 ,First,#,G:\Projects\redistricting\VtrPcts\VtrPcts_88_final092711.shp,Locked,-1,-1;LockedBy "LockedBy" true true false 50 Text 0 0 ,First,#,G:\Projects\redistricting\VtrPcts\VtrPcts_88_final092711.shp,LockedBy,-1,-1;Labelvalue "Labelvalue" true true false 19 Double 0 0 ,First,#,G:\Projects\redistricting\VtrPcts\VtrPcts_88_final092711.shp,Labelvalue,-1,-1;OriginLaye "OriginLaye" true true false 20 Text 0 0 ,First,#,G:\Projects\redistricting\VtrPcts\VtrPcts_88_final092711.shp,OriginLaye,-1,-1;OriginSTFI "OriginSTFI" true true false 50 Text 0 0 ,First,#,G:\Projects\redistricting\VtrPcts\VtrPcts_88_final092711.shp,OriginSTFI,-1,-1;OriginLa_1 "OriginLa_1" true true false 4 Short 0 4 ,First,#,G:\Projects\redistricting\VtrPcts\VtrPcts_88_final092711.shp,OriginLa_1,-1,-1;TIMEDATE "TIMEDATE" true true false 25 Text 0 0 ,First,#,G:\Projects\redistricting\VtrPcts\VtrPcts_88_final092711.shp,TIMEDATE,-1,-1;SID "SID" true true false 20 Text 0 0 ,First,#,G:\Projects\redistricting\VtrPcts\VtrPcts_88_final092711.shp,SID,-1,-1;Label "Label" true true false 4 Short 0 4 ,First,#,G:\Projects\redistricting\VtrPcts\VtrPcts_88_final092711.shp,Label,-1,-1;CommPct "CommPct" true true false 4 Short 0 4 ,First,#,G:\Projects\redistricting\VtrPcts\VtrPcts_88_final092711.shp,CommPct,-1,-1;Shape_Le_1 "Shape_Le_1" true true false 19 Double 0 0 ,First,#,G:\Projects\redistricting\VtrPcts\VtrPcts_88_final092711.shp,Shape_Le_1,-1,-1;Shape_Area "Shape_Area" true true false 19 Double 0 0 ,First,#,G:\Projects\redistricting\VtrPcts\VtrPcts_88_final092711.shp,Shape_Area,-1,-1" #</Process><Process ToolSource="C:\Program Files\ArcGIS\ArcToolbox\Toolboxes\Data Management Tools.tbx\CopyFeatures" Date="20111102" Time="115736">CopyFeatures "G:\Projects\redistricting\2011\Adopted Maps and Data\Adopted_VTDs.shp" "Database Connections\sqlwilco_gis_default.sde\wilco.GIS.elections\wilco.GIS.Adopted_VTDs" # 0 0 0</Process></lineage><itemProps><itemName Sync="TRUE">VTDs_88_final092711</itemName><imsContentType Sync="TRUE">002</imsContentType><itemLocation><linkage Sync="TRUE">file://\\geo\gis\Projects\redistricting\VtrPcts\092711.gdb</linkage><protocol Sync="TRUE">Local Area Network</protocol></itemLocation></itemProps><coordRef><type Sync="TRUE">Geographic</type><geogcsn Sync="TRUE">GCS_North_American_1983</geogcsn><peXml Sync="TRUE">&lt;GeographicCoordinateSystem xsi:type='typens:GeographicCoordinateSystem' xmlns:xsi='http://www.w3.org/2001/XMLSchema-instance' xmlns:xs='http://www.w3.org/2001/XMLSchema' xmlns:typens='http://www.esri.com/schemas/ArcGIS/10.0'&gt;&lt;WKT&gt;GEOGCS[&amp;quot;GCS_North_American_1983&amp;quot;,DATUM[&amp;quot;D_North_American_1983&amp;quot;,SPHEROID[&amp;quot;GRS_1980&amp;quot;,6378137.0,298.257222101]],PRIMEM[&amp;quot;Greenwich&amp;quot;,0.0],UNIT[&amp;quot;Degree&amp;quot;,0.0174532925199433],AUTHORITY[&amp;quot;EPSG&amp;quot;,4269]]&lt;/WKT&gt;&lt;XOrigin&gt;-399.99999999999989&lt;/XOrigin&gt;&lt;YOrigin&gt;-399.99999999999989&lt;/YOrigin&gt;&lt;XYScale&gt;1111948722.2222221&lt;/XYScale&gt;&lt;ZOrigin&gt;-100000&lt;/ZOrigin&gt;&lt;ZScale&gt;10000&lt;/ZScale&gt;&lt;MOrigin&gt;-100000&lt;/MOrigin&gt;&lt;MScale&gt;10000&lt;/MScale&gt;&lt;XYTolerance&gt;8.9831528411952117e-009&lt;/XYTolerance&gt;&lt;ZTolerance&gt;0.001&lt;/ZTolerance&gt;&lt;MTolerance&gt;0.001&lt;/MTolerance&gt;&lt;HighPrecision&gt;true&lt;/HighPrecision&gt;&lt;LeftLongitude&gt;-180&lt;/LeftLongitude&gt;&lt;WKID&gt;4269&lt;/WKID&gt;&lt;/GeographicCoordinateSystem&gt;</peXml></coordRef></DataProperties><ArcGISFormat>1.0</ArcGISFormat><SyncDate>20111102</SyncDate><SyncTime>11573400</SyncTime><ModDate>20111102</ModDate><ModTime>11573400</ModTime></Esri><dataIdInfo><envirDesc Sync="TRUE">Microsoft Windows XP Version 5.1 (Build 2600) Service Pack 3; ESRI ArcCatalog 9.3.1.3000</envirDesc><dataLang><languageCode value="eng" country="USA"></languageCode></dataLang><idCitation><resTitle Sync="TRUE">wilco.GIS.Adopted_VTDs</resTitle><presForm><PresFormCd value="005"></PresFormCd></presForm></idCitation><descKeys><thesaName uuidref="723f6998-058e-11dc-8314-0800200c9a66"></thesaName><keyword Sync="TRUE">002</keyword></descKeys><spatRpType><SpatRepTypCd value="001"></SpatRepTypCd></spatRpType></dataIdInfo><mdLang><languageCode value="eng"></languageCode></mdLang><distInfo><distFormat><formatName Sync="TRUE">File Geodatabase Feature Class</formatName></distFormat><distributor><distorTran><onLineSrc><orDesc Sync="TRUE">002</orDesc><linkage Sync="TRUE">file://Service=sde:sqlserver:sqlwilco; Database=wilco; User=gis; Version=sde.DEFAULT</linkage><protocol Sync="TRUE">Local Area Network</protocol></onLineSrc></distorTran><distorFormat><formatName Sync="TRUE">SDE Feature Class</formatName></distorFormat></distributor></distInfo><mdHrLv><ScopeCd value="005"></ScopeCd></mdHrLv><mdHrLvName Sync="TRUE">dataset</mdHrLvName><refSysInfo><RefSystem><refSysID><identCode code="4269"></identCode><idCodeSpace Sync="TRUE">EPSG</idCodeSpace><idVersion Sync="TRUE">7.4.1</idVersion></refSysID></RefSystem></refSysInfo><spdoinfo><ptvctinf><esriterm Name="wilco.GIS.Adopted_VTDs"><efeatyp Sync="TRUE">Simple</efeatyp><efeageom Sync="TRUE">Polygon</efeageom><esritopo Sync="TRUE">FALSE</esritopo><efeacnt Sync="TRUE">0</efeacnt><spindex Sync="TRUE">TRUE</spindex><linrefer Sync="TRUE">FALSE</linrefer></esriterm><sdtsterm Name="wilco.GIS.Adopted_VTDs"><sdtstype Sync="TRUE">G-polygon</sdtstype><ptvctcnt Sync="TRUE">0</ptvctcnt></sdtsterm></ptvctinf><direct Sync="TRUE">Vector</direct></spdoinfo><spatRepInfo><VectSpatRep><topLvl><TopoLevCd value="001"></TopoLevCd></topLvl><geometObjs><geoObjTyp><GeoObjTypCd value="002"></GeoObjTypCd><geoObjCnt Sync="TRUE">0</geoObjCnt></geoObjTyp></geometObjs></VectSpatRep></spatRepInfo><eainfo><detailed Name="wilco.GIS.Adopted_VTDs"><enttyp><enttypl Sync="TRUE">wilco.GIS.Adopted_VTDs</enttypl><enttypt Sync="TRUE">Feature Class</enttypt><enttypc Sync="TRUE">0</enttypc></enttyp><attr><attrlabl Sync="TRUE">OBJECTID_12</attrlabl><attalias Sync="TRUE">OBJECTID_12</attalias><attrtype Sync="TRUE">OID</attrtype><attwidth Sync="TRUE">4</attwidth><atprecis Sync="TRUE">10</atprecis><attscale Sync="TRUE">0</attscale><attrdef Sync="TRUE">Internal feature number.</attrdef><attrdefs Sync="TRUE">ESRI</attrdefs><attrdomv><udom Sync="TRUE">Sequential unique whole numbers that are automatically generated.</udom></attrdomv></attr><attr><attrlabl Sync="TRUE">OBJECTID_1</attrlabl><attalias Sync="TRUE">OBJECTID_1</attalias><attrtype Sync="TRUE">Integer</attrtype><attwidth Sync="TRUE">4</attwidth><atprecis Sync="TRUE">10</atprecis><attscale Sync="TRUE">0</attscale><attrdef Sync="TRUE">Internal feature number.</attrdef><attrdefs Sync="TRUE">ESRI</attrdefs><attrdomv><udom Sync="TRUE">Sequential unique whole numbers that are automatically generated.</udom></attrdomv></attr><attr><attrlabl Sync="TRUE">OBJECTID_2</attrlabl><attalias Sync="TRUE">OBJECTID_2</attalias><attrtype Sync="TRUE">Integer</attrtype><attwidth Sync="TRUE">4</attwidth><atprecis Sync="TRUE">10</atprecis><attscale Sync="TRUE">0</attscale></attr><attr><attrlabl Sync="TRUE">Shape</attrlabl><attalias Sync="TRUE">Shape</attalias><attrtype Sync="TRUE">Geometry</attrtype><attwidth Sync="TRUE">4</attwidth><atprecis Sync="TRUE">0</atprecis><attscale Sync="TRUE">0</attscale><attrdef Sync="TRUE">Feature geometry.</attrdef><attrdefs Sync="TRUE">ESRI</attrdefs><attrdomv><udom Sync="TRUE">Coordinates defining the features.</udom></attrdomv></attr><attr><attrlabl Sync="TRUE">OBJECTID</attrlabl><attalias Sync="TRUE">OBJECTID</attalias><attrtype Sync="TRUE">Integer</attrtype><attwidth Sync="TRUE">4</attwidth><atprecis Sync="TRUE">10</atprecis><attscale Sync="TRUE">0</attscale></attr><attr><attrlabl Sync="TRUE">District_N</attrlabl><attalias Sync="TRUE">District_N</attalias><attrtype Sync="TRUE">String</attrtype><attwidth Sync="TRUE">50</attwidth><atprecis Sync="TRUE">0</atprecis><attscale Sync="TRUE">0</attscale></attr><attr><attrlabl Sync="TRUE">AREA_</attrlabl><attalias Sync="TRUE">AREA_</attalias><attrtype Sync="TRUE">Double</attrtype><attwidth Sync="TRUE">8</attwidth><atprecis Sync="TRUE">38</atprecis><attscale Sync="TRUE">8</attscale></attr><attr><attrlabl Sync="TRUE">District_1</attrlabl><attalias Sync="TRUE">District_1</attalias><attrtype Sync="TRUE">SmallInteger</attrtype><attwidth Sync="TRUE">2</attwidth><atprecis Sync="TRUE">5</atprecis><attscale Sync="TRUE">0</attscale></attr><attr><attrlabl Sync="TRUE">Perimeter</attrlabl><attalias Sync="TRUE">Perimeter</attalias><attrtype Sync="TRUE">Double</attrtype><attwidth Sync="TRUE">8</attwidth><atprecis Sync="TRUE">38</atprecis><attscale Sync="TRUE">8</attscale></attr><attr><attrlabl Sync="TRUE">Compactnes</attrlabl><attalias Sync="TRUE">Compactnes</attalias><attrtype Sync="TRUE">Double</attrtype><attwidth Sync="TRUE">8</attwidth><atprecis Sync="TRUE">38</atprecis><attscale Sync="TRUE">8</attscale></attr><attr><attrlabl Sync="TRUE">Population</attrlabl><attalias Sync="TRUE">Population</attalias><attrtype Sync="TRUE">Integer</attrtype><attwidth Sync="TRUE">4</attwidth><atprecis Sync="TRUE">10</atprecis><attscale Sync="TRUE">0</attscale></attr><attr><attrlabl Sync="TRUE">Voting_Age</attrlabl><attalias Sync="TRUE">Voting_Age</attalias><attrtype Sync="TRUE">Integer</attrtype><attwidth Sync="TRUE">4</attwidth><atprecis Sync="TRUE">10</atprecis><attscale Sync="TRUE">0</attscale></attr><attr><attrlabl Sync="TRUE">Analysis1</attrlabl><attalias Sync="TRUE">Analysis1</attalias><attrtype Sync="TRUE">Double</attrtype><attwidth Sync="TRUE">8</attwidth><atprecis Sync="TRUE">38</atprecis><attscale Sync="TRUE">8</attscale></attr><attr><attrlabl Sync="TRUE">Analysis2</attrlabl><attalias Sync="TRUE">Analysis2</attalias><attrtype Sync="TRUE">Double</attrtype><attwidth Sync="TRUE">8</attwidth><atprecis Sync="TRUE">38</atprecis><attscale Sync="TRUE">8</attscale></attr><attr><attrlabl Sync="TRUE">Analysis3</attrlabl><attalias Sync="TRUE">Analysis3</attalias><attrtype Sync="TRUE">Double</attrtype><attwidth Sync="TRUE">8</attwidth><atprecis Sync="TRUE">38</atprecis><attscale Sync="TRUE">8</attscale></attr><attr><attrlabl Sync="TRUE">SHAPE_Leng</attrlabl><attalias Sync="TRUE">SHAPE_Leng</attalias><attrtype Sync="TRUE">Double</attrtype><attwidth Sync="TRUE">8</attwidth><atprecis Sync="TRUE">38</atprecis><attscale Sync="TRUE">8</attscale></attr><attr><attrlabl Sync="TRUE">RGB</attrlabl><attalias Sync="TRUE">RGB</attalias><attrtype Sync="TRUE">Integer</attrtype><attwidth Sync="TRUE">4</attwidth><atprecis Sync="TRUE">10</atprecis><attscale Sync="TRUE">0</attscale></attr><attr><attrlabl Sync="TRUE">CountySpli</attrlabl><attalias Sync="TRUE">CountySpli</attalias><attrtype Sync="TRUE">SmallInteger</attrtype><attwidth Sync="TRUE">2</attwidth><atprecis Sync="TRUE">5</atprecis><attscale Sync="TRUE">0</attscale></attr><attr><attrlabl Sync="TRUE">PrecinctSp</attrlabl><attalias Sync="TRUE">PrecinctSp</attalias><attrtype Sync="TRUE">Integer</attrtype><attwidth Sync="TRUE">4</attwidth><atprecis Sync="TRUE">10</atprecis><attscale Sync="TRUE">0</attscale></attr><attr><attrlabl Sync="TRUE">RemainingB</attrlabl><attalias Sync="TRUE">RemainingB</attalias><attrtype Sync="TRUE">Integer</attrtype><attwidth Sync="TRUE">4</attwidth><atprecis Sync="TRUE">10</atprecis><attscale Sync="TRUE">0</attscale></attr><attr><attrlabl Sync="TRUE">TotalBlock</attrlabl><attalias Sync="TRUE">TotalBlock</attalias><attrtype Sync="TRUE">Integer</attrtype><attwidth Sync="TRUE">4</attwidth><atprecis Sync="TRUE">10</atprecis><attscale Sync="TRUE">0</attscale></attr><attr><attrlabl Sync="TRUE">Locked</attrlabl><attalias Sync="TRUE">Locked</attalias><attrtype Sync="TRUE">String</attrtype><attwidth Sync="TRUE">50</attwidth><atprecis Sync="TRUE">0</atprecis><attscale Sync="TRUE">0</attscale></attr><attr><attrlabl Sync="TRUE">LockedBy</attrlabl><attalias Sync="TRUE">LockedBy</attalias><attrtype Sync="TRUE">String</attrtype><attwidth Sync="TRUE">50</attwidth><atprecis Sync="TRUE">0</atprecis><attscale Sync="TRUE">0</attscale></attr><attr><attrlabl Sync="TRUE">Labelvalue</attrlabl><attalias Sync="TRUE">Labelvalue</attalias><attrtype Sync="TRUE">Double</attrtype><attwidth Sync="TRUE">8</attwidth><atprecis Sync="TRUE">38</atprecis><attscale Sync="TRUE">8</attscale></attr><attr><attrlabl Sync="TRUE">OriginLaye</attrlabl><attalias Sync="TRUE">OriginLaye</attalias><attrtype Sync="TRUE">String</attrtype><attwidth Sync="TRUE">20</attwidth><atprecis Sync="TRUE">0</atprecis><attscale Sync="TRUE">0</attscale></attr><attr><attrlabl Sync="TRUE">OriginSTFI</attrlabl><attalias Sync="TRUE">OriginSTFI</attalias><attrtype Sync="TRUE">String</attrtype><attwidth Sync="TRUE">50</attwidth><atprecis Sync="TRUE">0</atprecis><attscale Sync="TRUE">0</attscale></attr><attr><attrlabl Sync="TRUE">OriginLa_1</attrlabl><attalias Sync="TRUE">OriginLa_1</attalias><attrtype Sync="TRUE">SmallInteger</attrtype><attwidth Sync="TRUE">2</attwidth><atprecis Sync="TRUE">5</atprecis><attscale Sync="TRUE">0</attscale></attr><attr><attrlabl Sync="TRUE">TIMEDATE</attrlabl><attalias Sync="TRUE">TIMEDATE</attalias><attrtype Sync="TRUE">String</attrtype><attwidth Sync="TRUE">25</attwidth><atprecis Sync="TRUE">0</atprecis><attscale Sync="TRUE">0</attscale></attr><attr><attrlabl Sync="TRUE">SID</attrlabl><attalias Sync="TRUE">SID</attalias><attrtype Sync="TRUE">String</attrtype><attwidth Sync="TRUE">20</attwidth><atprecis Sync="TRUE">0</atprecis><attscale Sync="TRUE">0</attscale></attr><attr><attrlabl Sync="TRUE">Label</attrlabl><attalias Sync="TRUE">Label</attalias><attrtype Sync="TRUE">SmallInteger</attrtype><attwidth Sync="TRUE">2</attwidth><atprecis Sync="TRUE">5</atprecis><attscale Sync="TRUE">0</attscale></attr><attr><attrlabl Sync="TRUE">CommPct</attrlabl><attalias Sync="TRUE">CommPct</attalias><attrtype Sync="TRUE">SmallInteger</attrtype><attwidth Sync="TRUE">2</attwidth><atprecis Sync="TRUE">5</atprecis><attscale Sync="TRUE">0</attscale></attr><attr><attrlabl Sync="TRUE">Shape_Le_2</attrlabl><attalias Sync="TRUE">Shape_Le_2</attalias><attrtype Sync="TRUE">Double</attrtype><attwidth Sync="TRUE">8</attwidth><atprecis Sync="TRUE">38</atprecis><attscale Sync="TRUE">8</attscale></attr><attr><attrlabl Sync="TRUE">Shape_Le_1</attrlabl><attalias Sync="TRUE">Shape_Le_1</attalias><attrtype Sync="TRUE">Double</attrtype><attwidth Sync="TRUE">8</attwidth><atprecis Sync="TRUE">38</atprecis><attscale Sync="TRUE">8</attscale></attr><attr><attrlabl Sync="TRUE">Shape.area</attrlabl><attalias Sync="TRUE">Shape.area</attalias><attrtype Sync="TRUE">Double</attrtype><attwidth Sync="TRUE">0</attwidth><atprecis Sync="TRUE">0</atprecis><attscale Sync="TRUE">0</attscale></attr><attr><attrlabl Sync="TRUE">Shape.len</attrlabl><attalias Sync="TRUE">Shape.len</attalias><attrtype Sync="TRUE">Double</attrtype><attwidth Sync="TRUE">0</attwidth><atprecis Sync="TRUE">0</atprecis><attscale Sync="TRUE">0</attscale></attr></detailed></eainfo><mdDateSt Sync="TRUE">20111102</mdDateSt><idinfo><native Sync="TRUE">Microsoft Windows XP Version 5.1 (Build 2600) Service Pack 3; ESRI ArcCatalog 9.3.1.3000</native><descript><langdata Sync="TRUE">en</langdata></descript><citation><citeinfo><title Sync="TRUE">wilco.GIS.Adopted_VTDs</title><ftname Sync="TRUE">wilco.GIS.Adopted_VTDs</ftname><geoform Sync="TRUE">vector digital data</geoform><onlink Sync="TRUE">Service=sde:sqlserver:sqlwilco; Database=wilco; User=gis; Version=sde.DEFAULT</onlink></citeinfo></citation><natvform Sync="TRUE">SDE Feature Class</natvform></idinfo><metainfo><langmeta Sync="TRUE">en</langmeta><metstdn Sync="TRUE">FGDC Content Standards for Digital Geospatial Metadata</metstdn><metstdv Sync="TRUE">FGDC-STD-001-1998</metstdv><mettc Sync="TRUE">local time</mettc><metextns><onlink Sync="TRUE">http://www.esri.com/metadata/esriprof80.html</onlink><metprof Sync="TRUE">ESRI Metadata Profile</metprof></metextns><metd Sync="TRUE">20111102</metd></metainfo><mdStanName Sync="TRUE">ISO 19115 Geographic Information - Metadata</mdStanName><mdStanVer Sync="TRUE">DIS_ESRI1.0</mdStanVer><mdChar><CharSetCd Sync="TRUE" value="004"></CharSetCd></mdChar><distinfo><resdesc Sync="TRUE">Downloadable Data</resdesc></distinfo><spref><horizsys><cordsysn><geogcsn Sync="TRUE">GCS_North_American_1983</geogcsn><projcsn Sync="TRUE">NAD_1983_StatePlane_Texas_Central_FIPS_4203_Feet</projcsn></cordsysn><planar><mapproj><mapprojn Sync="TRUE">Lambert Conformal Conic</mapprojn><lambertc><stdparll Sync="TRUE">30.116667</stdparll><stdparll Sync="TRUE">31.883333</stdparll><longcm Sync="TRUE">-100.333333</longcm><latprjo Sync="TRUE">29.666667</latprjo><feast Sync="TRUE">2296583.333333</feast><fnorth Sync="TRUE">9842500.000000</fnorth></lambertc></mapproj><planci><plance Sync="TRUE">coordinate pair</plance><plandu Sync="TRUE">survey feet</plandu><coordrep><absres Sync="TRUE">0.000010</absres><ordres Sync="TRUE">0.000010</ordres></coordrep></planci></planar><geodetic><horizdn Sync="TRUE">North American Datum of 1983</horizdn><ellips Sync="TRUE">Geodetic Reference System 80</ellips><semiaxis Sync="TRUE">6378137.000000</semiaxis><denflat Sync="TRUE">298.257222</denflat></geodetic></horizsys><vertdef><altsys><altenc Sync="TRUE">Explicit elevation coordinate included with horizontal coordinates</altenc><altres Sync="TRUE">1.000000</altres></altsys></vertdef></spref></metadata>
