<metadata xml:lang="en"><Esri><CreaDate>20140219</CreaDate><CreaTime>16144400</CreaTime><ArcGISFormat>1.0</ArcGISFormat><ArcGISstyle>ISO 19139 Metadata Implementation Specification</ArcGISstyle><SyncOnce>FALSE</SyncOnce><DataProperties><itemProps><itemName Sync="TRUE">single_member_districts</itemName><imsContentType Sync="TRUE">002</imsContentType><itemLocation><linkage Sync="TRUE">file://\\CTM-3ZSNZQ1-G1\C$\1g_drive\ftpNEW\single_member_districts.shp</linkage><protocol Sync="TRUE">Local Area Network</protocol></itemLocation><nativeExtBox><westBL Sync="TRUE">-97.938355</westBL><eastBL Sync="TRUE">-97.527587</eastBL><southBL Sync="TRUE">30.075576</southBL><northBL Sync="TRUE">30.516624</northBL><exTypeCode Sync="TRUE">1</exTypeCode></nativeExtBox><itemSize Sync="TRUE">0.554</itemSize></itemProps><coordRef><type Sync="TRUE">Geographic</type><geogcsn Sync="TRUE">GCS_North_American_1983</geogcsn><csUnits Sync="TRUE">Angular Unit: Degree (0.017453)</csUnits><peXml Sync="TRUE">&lt;GeographicCoordinateSystem xsi:type='typens:GeographicCoordinateSystem' xmlns:xsi='http://www.w3.org/2001/XMLSchema-instance' xmlns:xs='http://www.w3.org/2001/XMLSchema' xmlns:typens='http://www.esri.com/schemas/ArcGIS/10.1'&gt;&lt;WKT&gt;GEOGCS[&amp;quot;GCS_North_American_1983&amp;quot;,DATUM[&amp;quot;D_North_American_1983&amp;quot;,SPHEROID[&amp;quot;GRS_1980&amp;quot;,6378137.0,298.257222101]],PRIMEM[&amp;quot;Greenwich&amp;quot;,0.0],UNIT[&amp;quot;Degree&amp;quot;,0.0174532925199433],AUTHORITY[&amp;quot;EPSG&amp;quot;,4269]]&lt;/WKT&gt;&lt;XOrigin&gt;-400&lt;/XOrigin&gt;&lt;YOrigin&gt;-400&lt;/YOrigin&gt;&lt;XYScale&gt;11258999068426.238&lt;/XYScale&gt;&lt;ZOrigin&gt;-100000&lt;/ZOrigin&gt;&lt;ZScale&gt;10000&lt;/ZScale&gt;&lt;MOrigin&gt;-100000&lt;/MOrigin&gt;&lt;MScale&gt;10000&lt;/MScale&gt;&lt;XYTolerance&gt;8.9831528411952133e-009&lt;/XYTolerance&gt;&lt;ZTolerance&gt;0.001&lt;/ZTolerance&gt;&lt;MTolerance&gt;0.001&lt;/MTolerance&gt;&lt;HighPrecision&gt;true&lt;/HighPrecision&gt;&lt;LeftLongitude&gt;-180&lt;/LeftLongitude&gt;&lt;WKID&gt;4269&lt;/WKID&gt;&lt;LatestWKID&gt;4269&lt;/LatestWKID&gt;&lt;/GeographicCoordinateSystem&gt;</peXml></coordRef><lineage><Process ToolSource="c:\program files (x86)\arcgis\desktop10.2\ArcToolbox\Toolboxes\Conversion Tools.tbx\FeatureClassToFeatureClass" Date="20140219" Time="160920" Name="" export="">FeatureClassToFeatureClass \\coacd.org\gis\DataDevelopment\PersonalFolders\Meeks\SMD\From_County\CoA_SMD\CoA_SMD.shp \\coacd.org\gis\DataDevelopment\PersonalFolders\Meeks\SMD\From_County\CoA_SMD\TravisCo_SMD.gdb single_member_districts # "OBJECTID "OBJECTID" true true false 9 Long 0 9 ,First,#,\\coacd.org\gis\DataDevelopment\PersonalFolders\Meeks\SMD\From_County\CoA_SMD\CoA_SMD.shp,OBJECTID,-1,-1;District_N "District_N" true true false 50 Text 0 0 ,First,#,\\coacd.org\gis\DataDevelopment\PersonalFolders\Meeks\SMD\From_County\CoA_SMD\CoA_SMD.shp,District_N,-1,-1;District_1 "District_1" true true false 4 Short 0 4 ,First,#,\\coacd.org\gis\DataDevelopment\PersonalFolders\Meeks\SMD\From_County\CoA_SMD\CoA_SMD.shp,District_1,-1,-1;Area "Area" true true false 19 Double 0 0 ,First,#,\\coacd.org\gis\DataDevelopment\PersonalFolders\Meeks\SMD\From_County\CoA_SMD\CoA_SMD.shp,Area,-1,-1;Perimeter "Perimeter" true true false 19 Double 0 0 ,First,#,\\coacd.org\gis\DataDevelopment\PersonalFolders\Meeks\SMD\From_County\CoA_SMD\CoA_SMD.shp,Perimeter,-1,-1;Compactnes "Compactnes" true true false 19 Double 0 0 ,First,#,\\coacd.org\gis\DataDevelopment\PersonalFolders\Meeks\SMD\From_County\CoA_SMD\CoA_SMD.shp,Compactnes,-1,-1;Population "Population" true true false 9 Long 0 9 ,First,#,\\coacd.org\gis\DataDevelopment\PersonalFolders\Meeks\SMD\From_County\CoA_SMD\CoA_SMD.shp,Population,-1,-1;Voting_Age "Voting_Age" true true false 9 Long 0 9 ,First,#,\\coacd.org\gis\DataDevelopment\PersonalFolders\Meeks\SMD\From_County\CoA_SMD\CoA_SMD.shp,Voting_Age,-1,-1;Analysis1 "Analysis1" true true false 19 Double 0 0 ,First,#,\\coacd.org\gis\DataDevelopment\PersonalFolders\Meeks\SMD\From_County\CoA_SMD\CoA_SMD.shp,Analysis1,-1,-1;Analysis2 "Analysis2" true true false 19 Double 0 0 ,First,#,\\coacd.org\gis\DataDevelopment\PersonalFolders\Meeks\SMD\From_County\CoA_SMD\CoA_SMD.shp,Analysis2,-1,-1;Analysis3 "Analysis3" true true false 19 Double 0 0 ,First,#,\\coacd.org\gis\DataDevelopment\PersonalFolders\Meeks\SMD\From_County\CoA_SMD\CoA_SMD.shp,Analysis3,-1,-1;RGB "RGB" true true false 9 Long 0 9 ,First,#,\\coacd.org\gis\DataDevelopment\PersonalFolders\Meeks\SMD\From_County\CoA_SMD\CoA_SMD.shp,RGB,-1,-1;CountySpli "CountySpli" true true false 4 Short 0 4 ,First,#,\\coacd.org\gis\DataDevelopment\PersonalFolders\Meeks\SMD\From_County\CoA_SMD\CoA_SMD.shp,CountySpli,-1,-1;PrecinctSp "PrecinctSp" true true false 9 Long 0 9 ,First,#,\\coacd.org\gis\DataDevelopment\PersonalFolders\Meeks\SMD\From_County\CoA_SMD\CoA_SMD.shp,PrecinctSp,-1,-1;RemainingB "RemainingB" true true false 9 Long 0 9 ,First,#,\\coacd.org\gis\DataDevelopment\PersonalFolders\Meeks\SMD\From_County\CoA_SMD\CoA_SMD.shp,RemainingB,-1,-1;TotalBlock "TotalBlock" true true false 9 Long 0 9 ,First,#,\\coacd.org\gis\DataDevelopment\PersonalFolders\Meeks\SMD\From_County\CoA_SMD\CoA_SMD.shp,TotalBlock,-1,-1;Locked "Locked" true true false 50 Text 0 0 ,First,#,\\coacd.org\gis\DataDevelopment\PersonalFolders\Meeks\SMD\From_County\CoA_SMD\CoA_SMD.shp,Locked,-1,-1;LockedBy "LockedBy" true true false 50 Text 0 0 ,First,#,\\coacd.org\gis\DataDevelopment\PersonalFolders\Meeks\SMD\From_County\CoA_SMD\CoA_SMD.shp,LockedBy,-1,-1;Labelvalue "Labelvalue" true true false 19 Double 0 0 ,First,#,\\coacd.org\gis\DataDevelopment\PersonalFolders\Meeks\SMD\From_County\CoA_SMD\CoA_SMD.shp,Labelvalue,-1,-1;OriginLaye "OriginLaye" true true false 20 Text 0 0 ,First,#,\\coacd.org\gis\DataDevelopment\PersonalFolders\Meeks\SMD\From_County\CoA_SMD\CoA_SMD.shp,OriginLaye,-1,-1;OriginSTFI "OriginSTFI" true true false 50 Text 0 0 ,First,#,\\coacd.org\gis\DataDevelopment\PersonalFolders\Meeks\SMD\From_County\CoA_SMD\CoA_SMD.shp,OriginSTFI,-1,-1;OriginLa_1 "OriginLa_1" true true false 4 Short 0 4 ,First,#,\\coacd.org\gis\DataDevelopment\PersonalFolders\Meeks\SMD\From_County\CoA_SMD\CoA_SMD.shp,OriginLa_1,-1,-1;TIMEDATE "TIMEDATE" true true false 25 Text 0 0 ,First,#,\\coacd.org\gis\DataDevelopment\PersonalFolders\Meeks\SMD\From_County\CoA_SMD\CoA_SMD.shp,TIMEDATE,-1,-1;SID "SID" true true false 20 Text 0 0 ,First,#,\\coacd.org\gis\DataDevelopment\PersonalFolders\Meeks\SMD\From_County\CoA_SMD\CoA_SMD.shp,SID,-1,-1;SHAPE_Leng "SHAPE_Leng" true true false 19 Double 0 0 ,First,#,\\coacd.org\gis\DataDevelopment\PersonalFolders\Meeks\SMD\From_County\CoA_SMD\CoA_SMD.shp,SHAPE_Leng,-1,-1;SHAPE_Area "SHAPE_Area" true true false 19 Double 0 0 ,First,#,\\coacd.org\gis\DataDevelopment\PersonalFolders\Meeks\SMD\From_County\CoA_SMD\CoA_SMD.shp,SHAPE_Area,-1,-1;EDCODE "EDCODE" true true false 50 Text 0 0 ,First,#,\\coacd.org\gis\DataDevelopment\PersonalFolders\Meeks\SMD\From_County\CoA_SMD\CoA_SMD.shp,EDCODE,-1,-1;FEDNAME "FEDNAME" true true false 254 Text 0 0 ,First,#,\\coacd.org\gis\DataDevelopment\PersonalFolders\Meeks\SMD\From_County\CoA_SMD\CoA_SMD.shp,FEDNAME,-1,-1" #</Process><Process ToolSource="c:\program files (x86)\arcgis\desktop10.2\ArcToolbox\Toolboxes\Conversion Tools.tbx\FeatureClassToFeatureClass" Date="20140221" Time="102708" Name="" export="">FeatureClassToFeatureClass "Database Connections\GISDMTEST-external.sde\EXTERNAL.single_member_districts" C:\1g_drive\ftpNEW single_member_districts.shp # "OBJECTID "OBJECTID" true true false 4 Long 0 10 ,First,#,Database Connections\GISDMTEST-external.sde\EXTERNAL.single_member_districts,OBJECTID,-1,-1;DISTRICT_N "District_N" true true false 50 Text 0 0 ,First,#,Database Connections\GISDMTEST-external.sde\EXTERNAL.single_member_districts,DISTRICT_N,-1,-1;DISTRICT_1 "District_1" true true false 2 Short 0 5 ,First,#,Database Connections\GISDMTEST-external.sde\EXTERNAL.single_member_districts,DISTRICT_1,-1,-1;AREA "AREA" true true false 8 Double 8 38 ,First,#,Database Connections\GISDMTEST-external.sde\EXTERNAL.single_member_districts,EXTERNAL.single_member_districts.AREA,-1,-1;PERIMETER "Perimeter" true true false 8 Double 8 38 ,First,#,Database Connections\GISDMTEST-external.sde\EXTERNAL.single_member_districts,PERIMETER,-1,-1;COMPACTNES "Compactnes" true true false 8 Double 8 38 ,First,#,Database Connections\GISDMTEST-external.sde\EXTERNAL.single_member_districts,COMPACTNES,-1,-1;POPULATION "Population" true true false 4 Long 0 10 ,First,#,Database Connections\GISDMTEST-external.sde\EXTERNAL.single_member_districts,POPULATION,-1,-1;VOTING_AGE "Voting_Age" true true false 4 Long 0 10 ,First,#,Database Connections\GISDMTEST-external.sde\EXTERNAL.single_member_districts,VOTING_AGE,-1,-1;ANALYSIS1 "Analysis1" true true false 8 Double 8 38 ,First,#,Database Connections\GISDMTEST-external.sde\EXTERNAL.single_member_districts,ANALYSIS1,-1,-1;ANALYSIS2 "Analysis2" true true false 8 Double 8 38 ,First,#,Database Connections\GISDMTEST-external.sde\EXTERNAL.single_member_districts,ANALYSIS2,-1,-1;ANALYSIS3 "Analysis3" true true false 8 Double 8 38 ,First,#,Database Connections\GISDMTEST-external.sde\EXTERNAL.single_member_districts,ANALYSIS3,-1,-1;RGB "RGB" true true false 4 Long 0 10 ,First,#,Database Connections\GISDMTEST-external.sde\EXTERNAL.single_member_districts,RGB,-1,-1;COUNTYSPLI "CountySpli" true true false 2 Short 0 5 ,First,#,Database Connections\GISDMTEST-external.sde\EXTERNAL.single_member_districts,COUNTYSPLI,-1,-1;PRECINCTSP "PrecinctSp" true true false 4 Long 0 10 ,First,#,Database Connections\GISDMTEST-external.sde\EXTERNAL.single_member_districts,PRECINCTSP,-1,-1;REMAININGB "RemainingB" true true false 4 Long 0 10 ,First,#,Database Connections\GISDMTEST-external.sde\EXTERNAL.single_member_districts,REMAININGB,-1,-1;TOTALBLOCK "TotalBlock" true true false 4 Long 0 10 ,First,#,Database Connections\GISDMTEST-external.sde\EXTERNAL.single_member_districts,TOTALBLOCK,-1,-1;LOCKED "Locked" true true false 50 Text 0 0 ,First,#,Database Connections\GISDMTEST-external.sde\EXTERNAL.single_member_districts,LOCKED,-1,-1;LOCKEDBY "LockedBy" true true false 50 Text 0 0 ,First,#,Database Connections\GISDMTEST-external.sde\EXTERNAL.single_member_districts,LOCKEDBY,-1,-1;LABELVALUE "Labelvalue" true true false 8 Double 8 38 ,First,#,Database Connections\GISDMTEST-external.sde\EXTERNAL.single_member_districts,LABELVALUE,-1,-1;ORIGINLAYE "OriginLaye" true true false 20 Text 0 0 ,First,#,Database Connections\GISDMTEST-external.sde\EXTERNAL.single_member_districts,ORIGINLAYE,-1,-1;ORIGINSTFI "OriginSTFI" true true false 50 Text 0 0 ,First,#,Database Connections\GISDMTEST-external.sde\EXTERNAL.single_member_districts,ORIGINSTFI,-1,-1;ORIGINLA_1 "OriginLa_1" true true false 2 Short 0 5 ,First,#,Database Connections\GISDMTEST-external.sde\EXTERNAL.single_member_districts,ORIGINLA_1,-1,-1;TIMEDATE "TIMEDATE" true true false 25 Text 0 0 ,First,#,Database Connections\GISDMTEST-external.sde\EXTERNAL.single_member_districts,TIMEDATE,-1,-1;SID "SID" true true false 20 Text 0 0 ,First,#,Database Connections\GISDMTEST-external.sde\EXTERNAL.single_member_districts,SID,-1,-1;SHAPE_LENG "SHAPE_Leng" true true false 8 Double 8 38 ,First,#,Database Connections\GISDMTEST-external.sde\EXTERNAL.single_member_districts,SHAPE_LENG,-1,-1;EDCODE "EDCODE" true true false 50 Text 0 0 ,First,#,Database Connections\GISDMTEST-external.sde\EXTERNAL.single_member_districts,EDCODE,-1,-1;FEDNAME "FEDNAME" true true false 254 Text 0 0 ,First,#,Database Connections\GISDMTEST-external.sde\EXTERNAL.single_member_districts,FEDNAME,-1,-1;SHAPE_AREA "SHAPE.AREA" false false true 0 Double 0 0 ,First,#,Database Connections\GISDMTEST-external.sde\EXTERNAL.single_member_districts,SHAPE.AREA,-1,-1;SHAPE_LEN "SHAPE.LEN" false false true 0 Double 0 0 ,First,#,Database Connections\GISDMTEST-external.sde\EXTERNAL.single_member_districts,SHAPE.LEN,-1,-1" #</Process></lineage></DataProperties><SyncDate>20140221</SyncDate><SyncTime>11061900</SyncTime><ModDate>20140221</ModDate><ModTime>11090600</ModTime><scaleRange><minScale>150000000</minScale><maxScale>5000</maxScale></scaleRange><ArcGISProfile>FGDC</ArcGISProfile></Esri><dataIdInfo><envirDesc Sync="TRUE">Microsoft Windows 7 Version 6.1 (Build 7601) Service Pack 1; Esri ArcGIS 10.2.0.3348</envirDesc><dataLang><languageCode value="eng" Sync="TRUE"/><countryCode value="USA" Sync="TRUE"/></dataLang><idCitation><resTitle Sync="TRUE">single_member_districts</resTitle><presForm><PresFormCd value="005" Sync="TRUE"/></presForm></idCitation><spatRpType><SpatRepTypCd value="001" Sync="TRUE"/></spatRpType><dataExt><geoEle xmlns=""><GeoBndBox esriExtentType="search"><exTypeCode Sync="TRUE">1</exTypeCode><westBL Sync="TRUE">-97.938355</westBL><eastBL Sync="TRUE">-97.527587</eastBL><northBL Sync="TRUE">30.516624</northBL><southBL Sync="TRUE">30.075576</southBL></GeoBndBox></geoEle></dataExt><idPurp> This data was externally created by a vendor on behalf of the Independent Citizens Redistricting Committee. </idPurp><idAbs>&lt;DIV STYLE="text-align:Left;"&gt;&lt;DIV&gt;&lt;DIV&gt;&lt;P&gt;&lt;SPAN&gt;City of Austin Single Member Council Districts&lt;/SPAN&gt;&lt;/P&gt;&lt;P&gt;&lt;SPAN /&gt;&lt;/P&gt;&lt;/DIV&gt;&lt;/DIV&gt;&lt;/DIV&gt;</idAbs><resConst><LegConsts xmlns=""><othConsts>This product is for informational purposes and may not have been prepared for or be suitable for legal, engineering, or surveying purposes. It does not represent an on-the-ground survey and represents only the approximate relative location of property boundaries. 

This product has been produced by the Communications and Technology Management Department for the sole purpose of geographic reference. No warranty is made by the City of Austin regarding specific accuracy or completeness.

</othConsts></LegConsts></resConst></dataIdInfo><mdLang><languageCode value="eng" Sync="TRUE"/><countryCode value="USA" Sync="TRUE"/></mdLang><distInfo><distFormat><formatName Sync="TRUE">Shapefile</formatName></distFormat><distTranOps><transSize Sync="TRUE">0.554</transSize></distTranOps></distInfo><mdHrLv><ScopeCd value="005" Sync="TRUE"/></mdHrLv><mdHrLvName Sync="TRUE">dataset</mdHrLvName><refSysInfo><RefSystem><refSysID><identCode code="4269" Sync="TRUE"/><idCodeSpace Sync="TRUE">EPSG</idCodeSpace><idVersion Sync="TRUE">8.1.1</idVersion></refSysID></RefSystem></refSysInfo><spatRepInfo><VectSpatRep><geometObjs Name="single_member_districts"><geoObjTyp><GeoObjTypCd value="002" Sync="TRUE"/></geoObjTyp><geoObjCnt Sync="TRUE">10</geoObjCnt></geometObjs><topLvl><TopoLevCd value="001" Sync="TRUE"/></topLvl></VectSpatRep></spatRepInfo><spdoinfo><ptvctinf><esriterm Name="single_member_districts"><efeatyp Sync="TRUE">Simple</efeatyp><efeageom code="4" Sync="TRUE"/><esritopo Sync="TRUE">FALSE</esritopo><efeacnt Sync="TRUE">10</efeacnt><spindex Sync="TRUE">FALSE</spindex><linrefer Sync="TRUE">FALSE</linrefer></esriterm></ptvctinf></spdoinfo><eainfo><detailed Name="single_member_districts"><enttyp><enttypl Sync="TRUE">single_member_districts</enttypl><enttypt Sync="TRUE">Feature Class</enttypt><enttypc Sync="TRUE">10</enttypc></enttyp><attr><attrlabl Sync="TRUE">FID</attrlabl><attalias Sync="TRUE">FID</attalias><attrtype Sync="TRUE">OID</attrtype><attwidth Sync="TRUE">4</attwidth><atprecis Sync="TRUE">0</atprecis><attscale Sync="TRUE">0</attscale><attrdef Sync="TRUE">Internal feature number.</attrdef><attrdefs Sync="TRUE">Esri</attrdefs><attrdomv><udom Sync="TRUE">Sequential unique whole numbers that are automatically generated.</udom></attrdomv></attr><attr><attrlabl Sync="TRUE">Shape</attrlabl><attalias Sync="TRUE">Shape</attalias><attrtype Sync="TRUE">Geometry</attrtype><attwidth Sync="TRUE">0</attwidth><atprecis Sync="TRUE">0</atprecis><attscale Sync="TRUE">0</attscale><attrdef Sync="TRUE">Feature geometry.</attrdef><attrdefs Sync="TRUE">Esri</attrdefs><attrdomv><udom Sync="TRUE">Coordinates defining the features.</udom></attrdomv></attr><attr><attrlabl Sync="TRUE">OBJECTID</attrlabl><attalias Sync="TRUE">OBJECTID</attalias><attrtype Sync="TRUE">Double</attrtype><attwidth Sync="TRUE">10</attwidth><atprecis Sync="TRUE">10</atprecis><attscale Sync="TRUE">0</attscale></attr><attr><attrlabl Sync="TRUE">District_N</attrlabl><attalias Sync="TRUE">DISTRICT_N</attalias><attrtype Sync="TRUE">String</attrtype><attwidth Sync="TRUE">50</attwidth><atprecis Sync="TRUE">0</atprecis><attscale Sync="TRUE">0</attscale></attr><attr><attrlabl Sync="TRUE">District_1</attrlabl><attalias Sync="TRUE">DISTRICT_1</attalias><attrtype Sync="TRUE">Integer</attrtype><attwidth Sync="TRUE">5</attwidth><atprecis Sync="TRUE">5</atprecis><attscale Sync="TRUE">0</attscale></attr><attr><attrlabl Sync="TRUE">AREA</attrlabl><attalias Sync="TRUE">AREA</attalias><attrtype Sync="TRUE">Double</attrtype><attwidth Sync="TRUE">19</attwidth><atprecis Sync="TRUE">18</atprecis><attscale Sync="TRUE">8</attscale></attr><attr><attrlabl Sync="TRUE">Perimeter</attrlabl><attalias Sync="TRUE">PERIMETER</attalias><attrtype Sync="TRUE">Double</attrtype><attwidth Sync="TRUE">19</attwidth><atprecis Sync="TRUE">18</atprecis><attscale Sync="TRUE">8</attscale></attr><attr><attrlabl Sync="TRUE">Compactnes</attrlabl><attalias Sync="TRUE">COMPACTNES</attalias><attrtype Sync="TRUE">Double</attrtype><attwidth Sync="TRUE">19</attwidth><atprecis Sync="TRUE">18</atprecis><attscale Sync="TRUE">8</attscale></attr><attr><attrlabl Sync="TRUE">Population</attrlabl><attalias Sync="TRUE">POPULATION</attalias><attrtype Sync="TRUE">Double</attrtype><attwidth Sync="TRUE">10</attwidth><atprecis Sync="TRUE">10</atprecis><attscale Sync="TRUE">0</attscale></attr><attr><attrlabl Sync="TRUE">Voting_Age</attrlabl><attalias Sync="TRUE">VOTING_AGE</attalias><attrtype Sync="TRUE">Double</attrtype><attwidth Sync="TRUE">10</attwidth><atprecis Sync="TRUE">10</atprecis><attscale Sync="TRUE">0</attscale></attr><attr><attrlabl Sync="TRUE">Analysis1</attrlabl><attalias Sync="TRUE">ANALYSIS1</attalias><attrtype Sync="TRUE">Double</attrtype><attwidth Sync="TRUE">19</attwidth><atprecis Sync="TRUE">18</atprecis><attscale Sync="TRUE">8</attscale></attr><attr><attrlabl Sync="TRUE">Analysis2</attrlabl><attalias Sync="TRUE">ANALYSIS2</attalias><attrtype Sync="TRUE">Double</attrtype><attwidth Sync="TRUE">19</attwidth><atprecis Sync="TRUE">18</atprecis><attscale Sync="TRUE">8</attscale></attr><attr><attrlabl Sync="TRUE">Analysis3</attrlabl><attalias Sync="TRUE">ANALYSIS3</attalias><attrtype Sync="TRUE">Double</attrtype><attwidth Sync="TRUE">19</attwidth><atprecis Sync="TRUE">18</atprecis><attscale Sync="TRUE">8</attscale></attr><attr><attrlabl Sync="TRUE">RGB</attrlabl><attalias Sync="TRUE">RGB</attalias><attrtype Sync="TRUE">Double</attrtype><attwidth Sync="TRUE">10</attwidth><atprecis Sync="TRUE">10</atprecis><attscale Sync="TRUE">0</attscale></attr><attr><attrlabl Sync="TRUE">CountySpli</attrlabl><attalias Sync="TRUE">COUNTYSPLI</attalias><attrtype Sync="TRUE">Integer</attrtype><attwidth Sync="TRUE">5</attwidth><atprecis Sync="TRUE">5</atprecis><attscale Sync="TRUE">0</attscale></attr><attr><attrlabl Sync="TRUE">PrecinctSp</attrlabl><attalias Sync="TRUE">PRECINCTSP</attalias><attrtype Sync="TRUE">Double</attrtype><attwidth Sync="TRUE">10</attwidth><atprecis Sync="TRUE">10</atprecis><attscale Sync="TRUE">0</attscale></attr><attr><attrlabl Sync="TRUE">RemainingB</attrlabl><attalias Sync="TRUE">REMAININGB</attalias><attrtype Sync="TRUE">Double</attrtype><attwidth Sync="TRUE">10</attwidth><atprecis Sync="TRUE">10</atprecis><attscale Sync="TRUE">0</attscale></attr><attr><attrlabl Sync="TRUE">TotalBlock</attrlabl><attalias Sync="TRUE">TOTALBLOCK</attalias><attrtype Sync="TRUE">Double</attrtype><attwidth Sync="TRUE">10</attwidth><atprecis Sync="TRUE">10</atprecis><attscale Sync="TRUE">0</attscale></attr><attr><attrlabl Sync="TRUE">Locked</attrlabl><attalias Sync="TRUE">LOCKED</attalias><attrtype Sync="TRUE">String</attrtype><attwidth Sync="TRUE">50</attwidth><atprecis Sync="TRUE">0</atprecis><attscale Sync="TRUE">0</attscale></attr><attr><attrlabl Sync="TRUE">LockedBy</attrlabl><attalias Sync="TRUE">LOCKEDBY</attalias><attrtype Sync="TRUE">String</attrtype><attwidth Sync="TRUE">50</attwidth><atprecis Sync="TRUE">0</atprecis><attscale Sync="TRUE">0</attscale></attr><attr><attrlabl Sync="TRUE">Labelvalue</attrlabl><attalias Sync="TRUE">LABELVALUE</attalias><attrtype Sync="TRUE">Double</attrtype><attwidth Sync="TRUE">19</attwidth><atprecis Sync="TRUE">18</atprecis><attscale Sync="TRUE">8</attscale></attr><attr><attrlabl Sync="TRUE">OriginLaye</attrlabl><attalias Sync="TRUE">ORIGINLAYE</attalias><attrtype Sync="TRUE">String</attrtype><attwidth Sync="TRUE">20</attwidth><atprecis Sync="TRUE">0</atprecis><attscale Sync="TRUE">0</attscale></attr><attr><attrlabl Sync="TRUE">OriginSTFI</attrlabl><attalias Sync="TRUE">ORIGINSTFI</attalias><attrtype Sync="TRUE">String</attrtype><attwidth Sync="TRUE">50</attwidth><atprecis Sync="TRUE">0</atprecis><attscale Sync="TRUE">0</attscale></attr><attr><attrlabl Sync="TRUE">OriginLa_1</attrlabl><attalias Sync="TRUE">ORIGINLA_1</attalias><attrtype Sync="TRUE">Integer</attrtype><attwidth Sync="TRUE">5</attwidth><atprecis Sync="TRUE">5</atprecis><attscale Sync="TRUE">0</attscale></attr><attr><attrlabl Sync="TRUE">TIMEDATE</attrlabl><attalias Sync="TRUE">TIMEDATE</attalias><attrtype Sync="TRUE">String</attrtype><attwidth Sync="TRUE">25</attwidth><atprecis Sync="TRUE">0</atprecis><attscale Sync="TRUE">0</attscale></attr><attr><attrlabl Sync="TRUE">SID</attrlabl><attalias Sync="TRUE">SID</attalias><attrtype Sync="TRUE">String</attrtype><attwidth Sync="TRUE">20</attwidth><atprecis Sync="TRUE">0</atprecis><attscale Sync="TRUE">0</attscale></attr><attr><attrlabl Sync="TRUE">SHAPE_Leng</attrlabl><attalias Sync="TRUE">SHAPE_LENG</attalias><attrtype Sync="TRUE">Double</attrtype><attwidth Sync="TRUE">19</attwidth><atprecis Sync="TRUE">18</atprecis><attscale Sync="TRUE">8</attscale></attr><attr><attrlabl Sync="TRUE">EDCODE</attrlabl><attalias Sync="TRUE">EDCODE</attalias><attrtype Sync="TRUE">String</attrtype><attwidth Sync="TRUE">50</attwidth><atprecis Sync="TRUE">0</atprecis><attscale Sync="TRUE">0</attscale></attr><attr><attrlabl Sync="TRUE">FEDNAME</attrlabl><attalias Sync="TRUE">FEDNAME</attalias><attrtype Sync="TRUE">String</attrtype><attwidth Sync="TRUE">254</attwidth><atprecis Sync="TRUE">0</atprecis><attscale Sync="TRUE">0</attscale></attr><attr><attrlabl Sync="TRUE">SHAPE_AREA</attrlabl><attalias Sync="TRUE">SHAPE_AREA</attalias><attrtype Sync="TRUE">Double</attrtype><attwidth Sync="TRUE">19</attwidth><atprecis Sync="TRUE">0</atprecis><attscale Sync="TRUE">0</attscale><attrdef Sync="TRUE">Area of feature in internal units squared.</attrdef><attrdefs Sync="TRUE">Esri</attrdefs><attrdomv><udom Sync="TRUE">Positive real numbers that are automatically generated.</udom></attrdomv></attr><attr><attrlabl Sync="TRUE">SHAPE_LEN</attrlabl><attalias Sync="TRUE">SHAPE_LEN</attalias><attrtype Sync="TRUE">Double</attrtype><attwidth Sync="TRUE">19</attwidth><atprecis Sync="TRUE">0</atprecis><attscale Sync="TRUE">0</attscale></attr></detailed></eainfo><mdDateSt Sync="TRUE">20140221</mdDateSt></metadata>
