<?xml version="1.0"?>
<!--<!DOCTYPE metadata SYSTEM "http://www.esri.com/metadata/esriprof80.dtd">-->
<metadata xml:lang="en"><Esri><CreaDate>20141209</CreaDate><CreaTime>13080500</CreaTime><SyncOnce>FALSE</SyncOnce><SyncDate>20100505</SyncDate><SyncTime>15155000</SyncTime><ModDate>20100505</ModDate><ModTime>15155000</ModTime><ArcGISFormat>1.0</ArcGISFormat><DataProperties><lineage><Process ToolSource="C:\Program Files\ArcGIS\Desktop10.0\ArcToolbox\Toolboxes\Data Management Tools.tbx\CalculateField" Date="20120330" Time="103926">CalculateField Polling_places_May29 Loc_label [LOCATION_N] VB #</Process></lineage></DataProperties></Esri><idinfo><native Sync="TRUE">Microsoft Windows XP Version 5.1 (Build 2600) Service Pack 3; ESRI ArcCatalog 9.3.1.3000</native><descript><langdata>English</langdata><supplinf>DISCLAIMER:
This map is for general planning purposes only. The basemap conforms to National Map Accuracy Standards in unobstructed areas. Williamson County makes no warranty, representation or guarantee as to the content, sequence, accuracy, timeliness or completeness of any of the database information or spatial locations depicted. Furthermore, all warranties on merchantability and fitness for a particular purpose are hereby disclaimed. In no event shall Williamson County be liable to the recipient or any other party for damages of any type, including but not limited to incidental, consequential or exemplary damages arising out of the use or inability to use these materials.</supplinf><abstract>Williamson County voting polling places</abstract><purpose>Williamson County voting polling places</purpose></descript><citation><citeinfo><origin>Williamson County GIS Staff</origin><pubdate>REQUIRED: The date when the data set is published or otherwise made available for release.</pubdate><title Sync="TRUE">wilco.GIS.polling_place</title><ftname Sync="TRUE">wilco.GIS.polling_place</ftname><geoform Sync="TRUE">vector digital data</geoform><onlink Sync="TRUE">Service=sde:sqlserver:sqlwilco; Database=wilco; User=gis; Version=sde.DEFAULT</onlink></citeinfo></citation><timeperd><current>publication date</current><timeinfo><sngdate/></timeinfo></timeperd><status><progress>In work</progress><update>As needed</update></status><spdom><bounding><westbc Sync="TRUE">-97.931508</westbc><eastbc Sync="TRUE">-97.290792</eastbc><northbc Sync="TRUE">30.842512</northbc><southbc Sync="TRUE">30.428571</southbc></bounding><lboundng><leftbc Sync="TRUE">3053390.974600</leftbc><rightbc Sync="TRUE">3251381.069060</rightbc><bottombc Sync="TRUE">10132608.910230</bottombc><topbc Sync="TRUE">10278355.456630</topbc></lboundng></spdom><keywords><theme><themekt>REQUIRED: Reference to a formally registered thesaurus or a similar authoritative source of theme keywords.</themekt></theme><place><placekey>Williamson County</placekey><placekey>CAPCOG</placekey><placekey>Central Texas</placekey><placekey>Texas</placekey><placekey>USA</placekey><placekey>Round Rock</placekey><placekey>Georgetown</placekey><placekey>Cedar Park</placekey><placekey>Leander</placekey><placekey>Hutto</placekey><placekey>Taylor</placekey><placekey>Thrall</placekey><placekey>Granger</placekey><placekey>Wier</placekey><placekey>Florence</placekey><placekey>Liberty Hill</placekey><placekey>Jarrell</placekey><placekey>Austin</placekey><placekey>Pflugerville</placekey><placekey>Bartlett</placekey></place></keywords><accconst>None. This data is in the public domain.</accconst><useconst>Please see County data disclaimer.</useconst><natvform Sync="TRUE">SDE Feature Class</natvform><ptcontac><cntinfo><cntvoice>512-943-1489</cntvoice><cntfax>512-943-1488</cntfax><cntemail>gis@wilco.org</cntemail><cntaddr><address>301 SE Inner Loop</address><address>Suite 107</address><addrtype>mailing and physical address</addrtype><city>Georgetown</city><state>TX</state><postal>78626</postal><country>USA</country></cntaddr><cntorgp><cntorg>Williamson County</cntorg></cntorgp><cntpos>GIS Staff</cntpos><hours>8am to 5pm Central</hours></cntinfo></ptcontac><datacred>Williamson County GIS Staff</datacred><secinfo><secclass>Unclassified</secclass></secinfo></idinfo><dataIdInfo><envirDesc Sync="TRUE">Microsoft Windows XP Version 5.1 (Build 2600) Service Pack 3; ESRI ArcCatalog 9.3.1.3000</envirDesc><dataLang><languageCode Sync="TRUE" value="en"></languageCode></dataLang><idCitation><resTitle Sync="TRUE">wilco.GIS.polling_place</resTitle><presForm><PresFormCd Sync="TRUE" value="005"></PresFormCd></presForm></idCitation><spatRpType><SpatRepTypCd Sync="TRUE" value="001"></SpatRepTypCd></spatRpType><dataExt><geoEle><GeoBndBox esriExtentType="native"><westBL Sync="TRUE">3053390.9746</westBL><eastBL Sync="TRUE">3251381.06906</eastBL><northBL Sync="TRUE">10278355.45663</northBL><southBL Sync="TRUE">10132608.91023</southBL><exTypeCode Sync="TRUE">1</exTypeCode></GeoBndBox></geoEle></dataExt><geoBox esriExtentType="decdegrees"><westBL Sync="TRUE">-97.931508</westBL><eastBL Sync="TRUE">-97.290792</eastBL><northBL Sync="TRUE">30.842512</northBL><southBL Sync="TRUE">30.428571</southBL><exTypeCode Sync="TRUE">1</exTypeCode></geoBox></dataIdInfo><metainfo><langmeta Sync="TRUE">en</langmeta><metstdn Sync="TRUE">FGDC Content Standards for Digital Geospatial Metadata</metstdn><metstdv Sync="TRUE">FGDC-STD-001-1998</metstdv><mettc Sync="TRUE">local time</mettc><metc><cntinfo><cntorgp><cntorg>Willamson County</cntorg></cntorgp><cntaddr><addrtype>mailing and physical address</addrtype><city>Georgetown</city><state>TX</state><postal>78626</postal><address>301 SE Inner Loop</address><address>Suite 107</address><country>USA</country></cntaddr><cntvoice>512-943-1489</cntvoice><cntpos>GIS Staff</cntpos><cntfax>512-943-1488</cntfax><cntemail>gis@wilco.org</cntemail><hours>8am to 5pm</hours></cntinfo></metc><metd Sync="TRUE">20100505</metd><metac>None.</metac><metuc>None.</metuc><metsi><metsc>Unclassified</metsc></metsi><metextns><onlink Sync="TRUE">http://www.esri.com/metadata/esriprof80.html</onlink><metprof Sync="TRUE">ESRI Metadata Profile</metprof></metextns></metainfo><mdLang><languageCode Sync="TRUE" value="en"></languageCode></mdLang><mdStanName Sync="TRUE">ISO 19115 Geographic Information - Metadata</mdStanName><mdStanVer Sync="TRUE">DIS_ESRI1.0</mdStanVer><mdChar><CharSetCd Sync="TRUE" value="004"></CharSetCd></mdChar><mdHrLv><ScopeCd Sync="TRUE" value="005"></ScopeCd></mdHrLv><mdHrLvName Sync="TRUE">dataset</mdHrLvName><distinfo><resdesc>Downloadable Data.</resdesc><distrib><cntinfo><cntaddr><address>301 SE Inner Loop</address><address>Suite 107</address><addrtype>mailing and physical address</addrtype><city>Georgetown</city><state>TX</state><postal>78626</postal><country>USA</country></cntaddr><cntorgp><cntorg>Williamson County</cntorg></cntorgp><cntpos>GIS Staff</cntpos><cntvoice>512-943-1489</cntvoice><cntfax>512-943-1488</cntfax><cntemail>gis@wilco.org</cntemail><hours>8am to 5pm Central</hours></cntinfo></distrib><stdorder><fees>None</fees><ordering>Please contact GIS Staff for more information.</ordering><turnarnd>Depends on request</turnarnd><digform><digtopt><onlinopt><computer><networka><networkr>http://www.wilco.org</networkr></networka></computer><accinstr>Please go to "Maps" and then "Data"</accinstr></onlinopt><offoptn><offmedia>CD-ROM</offmedia></offoptn></digtopt><digtinfo><formname>ESRI Shapefile</formname></digtinfo></digform><digform><digtinfo><formname>File Geodatabase</formname></digtinfo><digtopt><onlinopt><computer><networka><networkr>http://www.wilco.org</networkr></networka></computer><accinstr>Please go to "Maps" and then "Data"</accinstr></onlinopt></digtopt></digform></stdorder><distliab>None, but please reference data disclaimer under Supplementary Information in this document.</distliab><custom>Please contact GIS staff for more information.</custom><techpreq>None.</techpreq></distinfo><distInfo><distributor><distorTran><onLineSrc><orDesc Sync="TRUE">002</orDesc><linkage Sync="TRUE">file://Service=sde:sqlserver:sqlwilco; Database=wilco; User=gis; Version=sde.DEFAULT</linkage><protocol Sync="TRUE">Local Area Network</protocol></onLineSrc></distorTran><distorFormat><formatName Sync="TRUE">SDE Feature Class</formatName></distorFormat></distributor></distInfo><spdoinfo><direct Sync="TRUE">Vector</direct><ptvctinf><esriterm Name="wilco.GIS.polling_place"><efeatyp Sync="TRUE">Simple</efeatyp><efeageom Sync="TRUE">Point</efeageom><esritopo Sync="TRUE">FALSE</esritopo><efeacnt Sync="TRUE">92</efeacnt><spindex Sync="TRUE">TRUE</spindex><linrefer Sync="TRUE">FALSE</linrefer></esriterm><sdtsterm Name="wilco.GIS.polling_place"><sdtstype Sync="TRUE">Entity point</sdtstype><ptvctcnt Sync="TRUE">92</ptvctcnt></sdtsterm></ptvctinf></spdoinfo><spref><horizsys><cordsysn><geogcsn Sync="TRUE">GCS_North_American_1983</geogcsn><projcsn Sync="TRUE">NAD_1983_StatePlane_Texas_Central_FIPS_4203_Feet</projcsn></cordsysn><planar><planci><plance Sync="TRUE">coordinate pair</plance><plandu Sync="TRUE">survey feet</plandu><coordrep><absres Sync="TRUE">0.000010</absres><ordres Sync="TRUE">0.000010</ordres></coordrep></planci><mapproj><mapprojn Sync="TRUE">Lambert Conformal Conic</mapprojn><lambertc><stdparll Sync="TRUE">30.116667</stdparll><stdparll Sync="TRUE">31.883333</stdparll><longcm Sync="TRUE">-100.333333</longcm><latprjo Sync="TRUE">29.666667</latprjo><feast Sync="TRUE">2296583.333333</feast><fnorth Sync="TRUE">9842500.000000</fnorth></lambertc></mapproj></planar><geodetic><horizdn Sync="TRUE">North American Datum of 1983</horizdn><ellips Sync="TRUE">Geodetic Reference System 80</ellips><semiaxis Sync="TRUE">6378137.000000</semiaxis><denflat Sync="TRUE">298.257222</denflat></geodetic></horizsys><vertdef><altsys><altenc Sync="TRUE">Explicit elevation coordinate included with horizontal coordinates</altenc><altres Sync="TRUE">1.000000</altres></altsys></vertdef></spref><refSysInfo><RefSystem><refSysID><identCode Sync="TRUE">NAD_1983_StatePlane_Texas_Central_FIPS_4203_Feet</identCode></refSysID></RefSystem></refSysInfo><spatRepInfo><VectSpatRep><topLvl><TopoLevCd Sync="TRUE" value="001"></TopoLevCd></topLvl><geometObjs Name="wilco.GIS.polling_place"><geoObjTyp><GeoObjTypCd Sync="TRUE" value="004"></GeoObjTypCd></geoObjTyp><geoObjCnt Sync="TRUE">92</geoObjCnt></geometObjs></VectSpatRep></spatRepInfo><eainfo><detailed Name="wilco.GIS.polling_place"><enttyp><enttypl Sync="TRUE">wilco.GIS.polling_place</enttypl><enttypt Sync="TRUE">Feature Class</enttypt><enttypc Sync="TRUE">92</enttypc><enttypds>Williamson County    </enttypds></enttyp><attr><attrlabl Sync="TRUE">OBJECTID</attrlabl><attalias Sync="TRUE">OBJECTID</attalias><attrtype Sync="TRUE">OID</attrtype><attwidth Sync="TRUE">4</attwidth><atprecis Sync="TRUE">10</atprecis><attscale Sync="TRUE">0</attscale><attrdef Sync="TRUE">Internal feature number.</attrdef><attrdefs Sync="TRUE">ESRI</attrdefs><attrdomv><udom Sync="TRUE">Sequential unique whole numbers that are automatically generated.</udom></attrdomv></attr><attr><attrlabl Sync="TRUE">CITY</attrlabl><attalias Sync="TRUE">City</attalias><attrtype Sync="TRUE">String</attrtype><attwidth Sync="TRUE">35</attwidth><atprecis Sync="TRUE">0</atprecis><attscale Sync="TRUE">0</attscale><attrdef>Incorporated jurisdiction name</attrdef><attrdefs>Williamson County</attrdefs></attr><attr><attrlabl Sync="TRUE">ZIP</attrlabl><attalias Sync="TRUE">ZIP Code</attalias><attrtype Sync="TRUE">Integer</attrtype><attwidth Sync="TRUE">4</attwidth><atprecis Sync="TRUE">10</atprecis><attscale Sync="TRUE">0</attscale><attrdef>USPS Zip Code</attrdef><attrdefs>Williamson County</attrdefs></attr><attr><attrlabl Sync="TRUE">EditorName</attrlabl><attalias Sync="TRUE">EditorName</attalias><attrtype Sync="TRUE">String</attrtype><attwidth Sync="TRUE">50</attwidth><atprecis Sync="TRUE">0</atprecis><attscale Sync="TRUE">0</attscale><attrdef>Name of last editor of the data</attrdef><attrdefs>Williamson County</attrdefs></attr><attr><attrlabl Sync="TRUE">LastUpdate</attrlabl><attalias Sync="TRUE">LastUpdate</attalias><attrtype Sync="TRUE">Date</attrtype><attwidth Sync="TRUE">36</attwidth><atprecis Sync="TRUE">0</atprecis><attscale Sync="TRUE">0</attscale><attrdef>Date data was last updated</attrdef><attrdefs>Williamson County</attrdefs></attr><attr><attrlabl Sync="TRUE">VersionName</attrlabl><attalias Sync="TRUE">VersionName</attalias><attrtype Sync="TRUE">String</attrtype><attwidth Sync="TRUE">50</attwidth><atprecis Sync="TRUE">0</atprecis><attscale Sync="TRUE">0</attscale><attrdef>Internal database version name</attrdef><attrdefs>Williamson County</attrdefs></attr><attr><attrlabl Sync="TRUE">EditTool</attrlabl><attalias Sync="TRUE">EditTool</attalias><attrtype Sync="TRUE">String</attrtype><attwidth Sync="TRUE">50</attwidth><atprecis Sync="TRUE">0</atprecis><attscale Sync="TRUE">0</attscale><attrdef>Last tool used to edit data</attrdef><attrdefs>Williamson County</attrdefs></attr><attr><attrlabl Sync="TRUE">EditTask</attrlabl><attalias Sync="TRUE">EditTask</attalias><attrtype Sync="TRUE">String</attrtype><attwidth Sync="TRUE">50</attwidth><atprecis Sync="TRUE">0</atprecis><attscale Sync="TRUE">0</attscale><attrdef>Last edit task performed on data</attrdef><attrdefs>Williamson County</attrdefs></attr><attr><attrlabl Sync="TRUE">GlobalID</attrlabl><attalias Sync="TRUE">GlobalID</attalias><attrtype Sync="TRUE">GlobalID</attrtype><attwidth Sync="TRUE">38</attwidth><atprecis Sync="TRUE">0</atprecis><attscale Sync="TRUE">0</attscale><attrdef>Global identification (GUID) for internal use</attrdef><attrdefs>Williamson County</attrdefs></attr><attr><attrlabl Sync="TRUE">SHAPE</attrlabl><attalias Sync="TRUE">SHAPE</attalias><attrtype Sync="TRUE">Geometry</attrtype><attwidth Sync="TRUE">4</attwidth><atprecis Sync="TRUE">0</atprecis><attscale Sync="TRUE">0</attscale><attrdef Sync="TRUE">Feature geometry.</attrdef><attrdefs Sync="TRUE">ESRI</attrdefs><attrdomv><udom Sync="TRUE">Coordinates defining the features.</udom></attrdomv></attr><attr><attrlabl Sync="TRUE">PRECINCT</attrlabl><attalias Sync="TRUE">Precinct Number</attalias><attrtype Sync="TRUE">String</attrtype><attwidth Sync="TRUE">35</attwidth><atprecis Sync="TRUE">0</atprecis><attscale Sync="TRUE">0</attscale><attrdef>Precinct Number</attrdef><attrdefs>Williamson County </attrdefs></attr><attr><attrlabl Sync="TRUE">LOCATION_NAME</attrlabl><attalias Sync="TRUE">Location</attalias><attrtype Sync="TRUE">String</attrtype><attwidth Sync="TRUE">75</attwidth><atprecis Sync="TRUE">0</atprecis><attscale Sync="TRUE">0</attscale><attrdefs>Williamson County </attrdefs><attrdef>Location Name</attrdef></attr><attr><attrlabl Sync="TRUE">ADDRESS</attrlabl><attalias Sync="TRUE">Address</attalias><attrtype Sync="TRUE">String</attrtype><attwidth Sync="TRUE">75</attwidth><atprecis Sync="TRUE">0</atprecis><attscale Sync="TRUE">0</attscale><attrdefs>Williamson County </attrdefs><attrdef>Physical Address</attrdef></attr></detailed></eainfo><mdDateSt Sync="TRUE">20100505</mdDateSt><dataqual><attracc><attraccr>Every effort has been made to complete this data set. However, Williamson County does not certify that all locations and/or attributes are correct or complete. Please reference the County's data disclaimer under the Supplementary Information section of this document.</attraccr></attracc><logic>Every effort has been made to complete this data set. However, Williamson County does not certify that all locations and/or attributes are correct or complete. Please reference the County's data disclaimer under the Supplementary Information section of this document.</logic><complete>Every effort has been made to complete this data set. However, Williamson County does not certify that all locations and/or attributes are correct or complete. Please reference the County's data disclaimer under the Supplementary Information section of this document.</complete><posacc><horizpa><horizpar>Every effort has been made to complete this data set. However, Williamson County does not certify that all locations and/or attributes are correct or complete. Please reference the County's data disclaimer under the Supplementary Information section of this document.</horizpar></horizpa><vertacc><vertaccr>Every effort has been made to complete this data set. However, Williamson County does not certify that all locations and/or attributes are correct or complete. Please reference the County's data disclaimer under the Supplementary Information section of this document.</vertaccr></vertacc></posacc><lineage><procstep><procdesc Sync="TRUE">Metadata imported.</procdesc><srcused Sync="TRUE">G:\metadata\metadata.xml</srcused><date Sync="TRUE">20080506</date><time Sync="TRUE">13161700</time></procstep><procstep><procdesc Sync="TRUE">Dataset copied.</procdesc><srcused Sync="TRUE">Service=sde:sqlserver:atlas; Database=wilco; User=gis; Version=sde.DEFAULT</srcused><procdate Sync="TRUE">20090417</procdate><proctime Sync="TRUE">14440100</proctime></procstep></lineage></dataqual></metadata>
